{"speedMap":{"HIGH":2,"MEDIUM":1,"LOW":0},"dirMap":{"LEFT":0,"RIGHT":1},"dealerLabels":["Alice"],"tableLabels":["T1"],"materialLabels":["Standard"],"techniqueLabels":["Fast Flick"],"dropSectorLabels":["10–14"],"contMean":[0.11999999731779099,0.05000000074505806,320.0,330.0,15.0,14.5,190.0,15000.0,0.20000000298023224,1.2000000476837158],"contStd":[0.0,0.0,0.0,0.0,0.0,0.0,0.0,0.0,0.0,0.0]}